name,email,gender,status,id
Ber Lissemore,blissemore1@ovh.net,Polygender,active,74029
Edin Gladbeck,egladbeck2@japanpost.jp,Female,inactive,137
Tabor Boak,tboak3@google.ca,Male,active,18
Colan Eglise,ceglise4@nytimes.com,Male,inactive,86750
Jeffry Truelove,jtruelove5@wp.com,Male,active,3748
Randell Butterfill,rbutterfill6@ibm.com,Male,active,1
Callean Hallows,challows7@abc.net.au,Male,active,6
Jamie Caudwell,jcaudwell8@globo.com,Female,active,73
Rozele Kopp,rkopp9@mit.edu,Female,inactive,62
Ebony Meron,emerona@skyrock.com,Female,active,002
Evan Ayer,eayerb@nytimes.com,Male,inactive,23
Tyler O'Lochan,tolochanc@so-net.ne.jp,Male,inactive,81
Malvin Cady,mcadyd@dropbox.com,Male,active,06
Sauncho Akers,sakerse@omniture.com,Male,inactive,3
Willette Drewry,wdrewryf@macromedia.com,Female,inactive,0
Jesse Gibbon,jgibbong@gnu.org,Male,inactive,8850
Lorena Impett,limpetth@zimbio.com,Female,active,189
Efrem Allner,eallneri@gov.uk,Male,inactive,01
Florencia Macak,fmacakj@shinystat.com,Female,inactive,44513
Jessa Routhorn,jrouthornk@businesswire.com,Non-binary,active,2827
Korney Coggon,kcoggonl@linkedin.com,Female,inactive,64225
Man Spurr,mspurrm@usatoday.com,Male,inactive,9436
Cliff Stanyon,cstanyonn@yellowpages.com,Male,inactive,56504
Iseabal Faircliff,ifaircliffo@domainmarket.com,Genderfluid,active,1960
Durward Cellier,dcellierp@icq.com,Male,inactive,1
Charmaine Eversfield,ceversfieldq@cargocollective.com,Female,inactive,250
Joelynn Sline,jsliner@addtoany.com,Female,active,12
Catie Evens,cevenss@marketwatch.com,Non-binary,active,25727
Ezmeralda Hackforth,ehackfortht@tumblr.com,Female,active,97746
Gav Greedyer,ggreedyeru@dot.gov,Male,inactive,60792
Kala McGuiness,kmcguinessv@who.int,Female,active,77
Camille Southwell,csouthwellw@ezinearticles.com,Female,inactive,351
Barbi Jurries,bjurriesx@cargocollective.com,Female,active,6454
Ferne Frusher,ffrushery@yelp.com,Female,inactive,96
Janot Breming,jbremingz@nifty.com,Agender,inactive,97
Susannah Bras,sbras10@comsenz.com,Female,active,019
Harley Carlaw,hcarlaw11@blogspot.com,Agender,inactive,729
Tamar Rumble,trumble12@cdbaby.com,Female,inactive,69739
Phillie Campione,pcampione13@ibm.com,Female,inactive,98
Sadye White,swhite14@nba.com,Genderfluid,inactive,30
Tildi Cicetti,tcicetti15@gnu.org,Female,active,4060
Julie Edgler,jedgler16@sogou.com,Male,active,7536
Baryram Doret,bdoret17@rakuten.co.jp,Male,inactive,54
Delora Sharrocks,dsharrocks18@cdbaby.com,Female,active,264
Broderic Bantick,bbantick19@hp.com,Male,inactive,46197
Othilie Nangle,onangle1a@tumblr.com,Female,inactive,05582
Hunt Clough,hclough1b@nba.com,Male,inactive,9
Shaw Rawe,srawe1c@weebly.com,Male,active,982
Arley Jordin,ajordin1d@who.int,Male,inactive,4339
Twila Lawey,tlawey1e@simplemachines.org,Female,active,2007
Zola Dummer,zdummer1f@pagesperso-orange.fr,Polygender,active,67
Goldarina Bucham,gbucham1g@nationalgeographic.com,Female,active,32
Davin Deamer,ddeamer1h@pbs.org,Male,inactive,03535
Zachery Falk,zfalk1i@etsy.com,Male,inactive,9910
Rose Cubbit,rcubbit1j@ucla.edu,Female,inactive,24
Gram Knappe,gknappe1k@digg.com,Male,inactive,302
Crichton Ringe,cringe1l@digg.com,Male,active,6
Frederigo Bartlomiejczyk,fbartlomiejczyk1m@fema.gov,Bigender,inactive,4
Marlin Greyes,mgreyes1n@usda.gov,Bigender,inactive,4
Dinah Elsbury,delsbury1o@intel.com,Female,active,134
Cirilo Winsom,cwinsom1p@whitehouse.gov,Male,inactive,686
Dagny Gedney,dgedney1q@walmart.com,Male,inactive,6540
Gram Kerry,gkerry1r@taobao.com,Male,inactive,1525
Nadya Keyes,nkeyes1s@newyorker.com,Female,inactive,02786
Coretta Stonard,cstonard1t@123-reg.co.uk,Female,inactive,998
Joelynn Iiannone,jiiannone1u@house.gov,Agender,inactive,39
Winston Apfel,wapfel1v@loc.gov,Male,active,03571
Minna Finnimore,mfinnimore1w@jiathis.com,Female,active,5
Keven Feeney,kfeeney1x@miitbeian.gov.cn,Male,inactive,882
Artemas Koubu,akoubu1y@apple.com,Male,active,5
Kellen Sylvester,ksylvester1z@printfriendly.com,Female,inactive,3
Aubrie Purkess,apurkess20@rediff.com,Female,active,9964
Carlos Peterffy,cpeterffy21@stanford.edu,Male,inactive,61
Consuelo Benedito,cbenedito22@newsvine.com,Non-binary,inactive,50
Shaylah Kock,skock23@artisteer.com,Female,inactive,62
Malinda Course,mcourse24@delicious.com,Female,active,090
Kirstyn Garford,kgarford25@hatena.ne.jp,Polygender,active,6824
Katleen Ajean,kajean26@google.com.hk,Female,active,4706
Pattin Gussin,pgussin27@unesco.org,Male,inactive,691
Steffie Yarrington,syarrington28@sun.com,Female,inactive,78
Sidonia Hruska,shruska29@accuweather.com,Female,inactive,3
Mirabella Toffetto,mtoffetto2a@bloomberg.com,Female,inactive,859
Ilise Drayson,idrayson2b@mit.edu,Female,active,9
Avrit McKain,amckain2c@newyorker.com,Female,active,30133
Katharyn Risbridger,krisbridger2d@elegantthemes.com,Female,active,275
Gayle McSaul,gmcsaul2e@nps.gov,Male,inactive,103
Britt Bordiss,bbordiss2f@meetup.com,Male,inactive,4
Hillard Skim,hskim2g@usatoday.com,Male,inactive,2341
Nelly Paintain,npaintain2h@merriam-webster.com,Female,active,941
Ilyse Gabbatiss,igabbatiss2i@51.la,Female,inactive,4
Stepha McIver,smciver2j@godaddy.com,Female,active,82276
Caitrin Prosek,cprosek2k@ow.ly,Female,inactive,43
Melita Norval,mnorval2l@so-net.ne.jp,Female,inactive,0619
Melosa Swindon,mswindon2m@prweb.com,Female,active,52877
Sybila Archanbault,sarchanbault2n@theglobeandmail.com,Female,inactive,3994
Dickie Roskam,droskam2o@myspace.com,Male,active,71029
Myrta Spragge,mspragge2p@nytimes.com,Female,inactive,8
Ethyl Goodban,egoodban2q@icio.us,Female,inactive,4202
Amabel Phettis,aphettis2r@ucsd.edu,Female,active,5
